Name,Phone
Griffin Guzman,1-313-262-6944
Gray Burks,1-627-483-8969
Burke Gibbs,1-899-772-9407
Hilel Sheppard,1-957-866-7333
Jasper Slater,1-691-353-4183
Aidan Whitehead,1-754-176-0295
Sonya Chavez,1-896-525-0396
Hiroko Robles,1-367-957-7622
Nathan Fleming,1-200-630-9229
Donna Winters,1-423-248-2606
Cameron Stewart,1-574-845-7388
Eugenia Pennington,1-462-112-2070
Meredith Aguilar,1-745-937-5069
Justin Conrad,1-815-935-5766
Lucian Beard,1-743-602-6764
Tamara Chan,1-405-460-5616
Lisandra Wade,1-222-719-2382
Damian Valentine,1-681-728-8808
Diana Petty,1-394-363-0792
Zelda Neal,1-431-595-0276
Julie Chang,1-798-186-5859
Chase Cline,1-998-640-2308
Scott Duran,1-123-958-0008
Bruce Lowe,1-252-129-3317
Isabella Santiago,1-743-808-2876
Travis Burke,1-829-631-5377
Gay Melendez,1-123-656-6715
Ina Sanders,1-216-427-0485
Kenneth Collins,1-633-559-6756
Norman Dunlap,1-514-724-6273
Jenna Randolph,1-334-322-8112
Elijah Newton,1-492-252-9621
Kellie Mcmillan,1-635-373-0819
Porter Williams,1-644-620-3029
Kyle Johnson,1-351-422-1840
Dawn Ramos,1-665-704-7119
Melinda Hawkins,1-719-483-0425
Randall Meyer,1-708-406-5247
Lydia Bond,1-721-707-1997
Jessica Mayo,1-449-758-1612
Branden Merritt,1-460-151-7056
Macon Atkinson,1-768-103-9220
Zachary Salinas,1-356-458-3360
Chancellor Burnett,1-839-156-6236
Tanner Guerra,1-462-269-1218
Hop Atkins,1-851-723-8475
Miranda Conley,1-379-980-3624
Lynn Serrano,1-227-459-4139
Phelan Clemons,1-898-986-3269
Velma Koch,1-795-799-3561
Rylee Schneider,1-391-187-7455
Christopher Larson,1-576-492-3579
Preston Shaffer,1-325-678-3448
Holmes Farmer,1-902-418-4197
Oprah Hancock,1-489-281-5030
Valentine Hatfield,1-304-324-9286
Urielle Alford,1-672-668-2141
Patience Noble,1-550-851-1233
Timothy Gamble,1-213-752-3609
Kessie Butler,1-257-229-7163
Chastity Day,1-968-388-9727
Quon Perez,1-223-602-7320
Amery Shaw,1-307-468-6440
Eden Dawson,1-284-650-6341
Roanna Fitzpatrick,1-440-645-7192
Leandra Estes,1-696-343-7593
Drew Townsend,1-767-473-3803
Kaye Witt,1-195-975-5997
Lisandra Clarke,1-669-399-0219
Vernon Nielsen,1-388-824-7658
Yen Cannon,1-899-484-1138
Cleo Reeves,1-725-212-6129
Brian Henderson,1-605-720-2739
Porter Dalton,1-936-622-8967
Shoshana Cannon,1-660-686-1236
Hiroko Atkins,1-589-815-0532
Oprah Romero,1-798-792-4741
Clayton Carrillo,1-628-303-0967
Chantale Carpenter,1-899-309-3684
Joel Little,1-867-732-7881
Finn Poole,1-575-645-9564
Dara Beard,1-614-302-7274
Judith Weeks,1-323-273-6903
Karly Tanner,1-565-910-8773
Nash Sloan,1-439-603-8969
Anastasia Spears,1-798-463-3680
Audra Nieves,1-310-368-9437
Salvador Stevens,1-145-373-7858
Malcolm Hayes,1-635-489-0524
Indigo Goodwin,1-517-315-2806
Dexter Browning,1-160-893-4973
Hilary Brooks,1-555-247-8047
Burke Gibbson,1-915-408-1861
Wallace Horne,1-919-908-0428
Cameron Morrison,1-833-374-6688
Deacon Riley,1-606-245-9795
Winifred Santos,1-848-811-9925
Emi Sandoval,1-252-657-0849
Randall Blake,1-130-466-1140
Bernard Castillo,1-887-567-1276
Jolie Cameron,1-813-550-0270
Caleb Moses,1-589-773-7402
Warren Skinner,1-250-393-5331
Sarah Lambert,1-788-722-6280
Oscar Dean,1-184-483-6667
Kelsie Sanford,1-239-747-4800
Flavia Mcconnell,1-569-748-8075
Solomon Church,1-699-825-2271
Constance Lamb,1-952-968-7495
Kiayada Tillman,1-206-338-7990
Dustin Wynn,1-829-933-5130
Bert Aguirre,1-482-591-7394
Myles Rasmussen,1-715-908-1570
Hayley Stewart,1-931-816-1034
Madison Leblanc,1-630-346-3035
Sybill Whitley,1-919-499-7788
Nicholas Patton,1-769-396-7165
McKenzie Odonnell,1-681-810-6604
Mannix Mclaughlin,1-455-641-9407
Destiny Lynch,1-575-917-9767
Octavia Nichols,1-961-271-0625
Lysandra Strong,1-261-676-2159
Kamal Nunez,1-972-105-7190
Dawn Goodman,1-983-481-1621
Hedda Salas,1-269-503-8738
Cameron Kerr,1-752-330-1868
Alec Bass,1-652-298-2072
Nero Burnett,1-342-258-5769
Igor Snyder,1-268-830-8904
Xenos Cochran,1-698-136-9326
Neil Hays,1-280-505-4256
Kadeem Rivera,1-608-337-6775
Colby Hoover,1-324-372-5543
Danielle Willis,1-574-650-4170
Wendy Austin,1-216-278-5925
India Livingston,1-494-563-2052
Brendan Nelson,1-916-800-1627
Deanna Lester,1-985-740-0387
Reuben Riley,1-347-708-0917
Sade Montoya,1-186-483-6450
Chandler Daniel,1-495-315-7761
Rahim Schwartz,1-793-611-0059
Rajah Rivers,1-194-215-5597
Derek Mcgowan,1-438-453-8820
Alexandra York,1-534-841-5815
Brody Bullock,1-405-853-8321
Jin Drake,1-234-973-9503
Leila Tucker,1-782-997-7622
Hyatt Cameron,1-762-416-6747
Angelica Newman,1-158-740-4350
Brendan Rivas,1-263-313-4187
Hall Reid,1-341-635-1796
Kiara Potts,1-522-972-3341
Alvin Ellison,1-232-769-6357
Deacon Hicks,1-658-886-0496
Ezekiel Mcgowan,1-216-608-8023
April Ferguson,1-697-845-5668
Reagan Logan,1-568-194-4823
Seth Weiss,1-796-180-7938
Wyatt Singleton,1-609-199-7358
Maite Bradford,1-446-623-2429
Stella Head,1-820-545-1212
Jolie Mckay,1-823-718-0262
Margaret Haley,1-452-445-0373
Sebastian Barnes,1-533-857-5716
Kieran Irwin,1-555-205-2780
Alan Moran,1-345-862-6193
Leo Knight,1-315-166-0409
Stone Burch,1-968-615-3367
Kellie York,1-857-294-5906
Naida Lee,1-334-122-6503
Tara Miller,1-837-633-1341
Kareem Lamb,1-879-664-8527
Jacob Cook,1-939-744-5014
Hu Finley,1-319-787-0209
Charity Dunn,1-926-199-6846
Tyler Gibbs,1-381-780-3736
Griffin Guzmap,1-626-375-5251
Vance Velazquez,1-614-512-1694
Ima Gentry,1-742-434-3287
Yvonne Campos,1-673-994-7278
Clinton Brooks,1-422-415-5653
Raven Case,1-605-996-9879
Mari Young,1-184-910-8532
Leonard Dennis,1-412-261-9477
Cailin Dejesus,1-309-265-7424
Karen Deleon,1-374-829-1745
Kirestin Macdonald,1-801-757-2158
Carissa Grimes,1-547-830-1947
Calvin Mcintosh,1-306-345-8086
Sara Macias,1-117-671-9515
Ryan Lara,1-360-559-0506
Malik Moon,1-745-490-6841
Xantha Perkins,1-337-288-6422
Ebony Atkinson,1-513-916-1125
Coby Mclean,1-803-803-4956
Hamilton Ramirez,1-999-107-6855
Isaac Curtis,1-531-166-2299
Octavia Barnes,1-195-785-5167
Benjamin Mcmillan,1-531-417-7685
Jin Alvarado,1-150-581-1806
Yuli Mcfarland,1-790-998-3106
Gryffin Guzman,1-242-663-6933
Quinlan Kane,1-971-265-6568
Vladimir Mays,1-403-525-7877
Dante Gilbert,1-784-204-4599
Penelope Joyner,1-378-415-5310
Erasmus Puckett,1-631-420-7821
Tamara Montoya,1-902-191-4844
Griffin Styles,1-752-119-3104
Sybil Pruitt,1-625-744-9950
Hamish Robles,1-298-762-8444
Brock Mayo,1-631-838-0606
Iona Buckner,1-250-852-5709
Martina Baldwin,1-278-183-3992
Fallon Fitzgerald,1-662-848-0775
Isaac Cline,1-394-540-9529
Yuli Mcleod,1-122-108-9245
Demetrius Martinez,1-264-253-6786
Fritz Washington,1-739-347-9874
Jarrod Hopkins,1-958-797-4552
Samson Barron,1-181-577-3206
Brynne Cash,1-619-276-2315
Leonard Wells,1-128-740-4056
Dustin Whitaker,1-654-146-1349
Curran Drake,1-574-207-5235
Jaime Pruitt,1-560-581-0124
Kaden Macdonald,1-191-597-7396
Aidan Good,1-730-733-1010
Jana Noel,1-920-591-9118
Maya Moon,1-598-357-5171
Ciaran Tyler,1-626-411-2560
Stella Brennan,1-701-441-2120
Fatima Cooke,1-216-213-1802
Iliana Mckinney,1-869-597-5090
Otto Roman,1-477-216-9896
Eaton Lowe,1-160-281-2775
Carlos Davenport,1-682-727-9731
Arden Morrow,1-382-823-4163
Bradley Stephenson,1-576-796-2537
Orlando Carpenter,1-220-255-5255
Wallace Stewart,1-780-584-7224
Patrick Mcknight,1-313-592-8660
Noble Flores,1-845-343-3690
Rowan Oneal,1-922-403-4014
Aidan Snow,1-282-686-2244
Abel Patel,1-459-578-4543
Vladimir Richard,1-992-220-2019
Camille Mccormick,1-932-420-8648
Aladdin Mcintosh,1-802-782-7263
Summer Cook,1-300-681-2189
Olga Whitley,1-357-946-3534
Norman Pacheco,1-845-582-0245
Carter Leon,1-837-435-7055
Porter Cochran,1-875-446-7742
Tashya Rodgers,1-500-996-2192
Casey Dickerson,1-816-124-9373
Walker Franks,1-369-986-4538
Wylie Ferguson,1-182-423-3695
Velma Hahn,1-795-810-0807
Blake Barber,1-164-344-4665
Haley Fuentes,1-202-736-2900
Debra Welch,1-963-208-5218
Wesley Guerrero,1-896-632-3844
Paula Trevino,1-806-355-3370
Julian Flynn,1-325-776-1896
Unity Hogan,1-718-208-4018
MacKensie Stark,1-320-198-4352
Xandra Jimenez,1-731-941-8337
Hamish Whitfield,1-935-654-5194
Sarah Pena,1-560-623-2650
Odysseus Hebert,1-303-888-4401
Hayden Drake,1-343-227-9140
Flynn Hurst,1-747-472-9069
Wyoming Lamb,1-884-789-9615
Felicia Bishop,1-398-687-8139
Ivor Sims,1-149-978-8577
Herman Petersen,1-555-585-1967
Rama Wood,1-509-982-7072
Joseph Wilkins,1-783-208-5867
Lucy Cooke,1-935-775-6974
Zena Moody,1-610-249-0696
Noble Hunter,1-729-249-8208
Cameran Fitzpatrick,1-673-696-2086
Jillian Gamble,1-596-810-9015
Neve Manning,1-327-465-8056
Perry Anthony,1-607-859-9629
Phoebe Strong,1-318-472-0784
Jeremy Green,1-879-926-2451
Chantale Cherry,1-107-903-0774
Ezra Odom,1-852-100-8015
Carson Hodges,1-912-162-2326
Ronan Griffith,1-836-141-1226
Bethany Sawyer,1-232-366-0544
Emerson Knowles,1-684-228-6550
Minerva Sykes,1-143-977-2591
Scott Glenn,1-325-987-3047
Whoopi Mejia,1-732-950-5226
Charity Brennan,1-383-654-0965
Reed Wells,1-760-150-1927

